"id";"doi"
"NCT02143011";"10.3390/nu13030760"
"NCT00004259";"10.1016/j.ijrobp.2004.01.002"
"NCT00812708";"10.1016/j.jcrs.2008.05.048"
"NCT00506909";"10.1016/j.biopsych.2010.04.039"
"NCT00501709";"10.1111/j.1600-6143.2010.03073.x"
"NCT00114530";"10.1016/j.ijrobp.2010.05.036"
"NCT01306539";"10.1016/j.neuropsychologia.2010.12.030"
"NCT01702246";"10.1111/j.1365-2141.2010.08480.x"
"NCT01103921";"10.1210/jc.2011-1251"
"NCT01156584";"10.1093/neuonc/nor199"
"NCT01852032";"10.1118/1.3685462"
"NCT00957229";"10.1056/nejmoa1113538"
"NCT00694889";"10.1016/j.neuropharm.2012.07.048"
"NCT02111993";"10.1161/circep.112.971275"
"NCT01076829";"10.1111/dme.12120"
"NCT00996528";"10.1097/qad.0b013e3283601b53"
"NCT00458393";"10.1007/s10461-013-0429-9"
"NCT00375830";"10.1097/rlu.0b013e3182815f64"
"NCT01699789";"10.1007/s11606-013-2484-3"
"NCT01642719";"10.1016/j.cct.2013.06.014"
"NCT00134056";"10.1016/s1470-2045(13)70294-8"
"NCT01398046";"10.1021/mp4003738"
"NCT00810160";"10.1016/j.jpeds.2013.07.017"
"NCT00470548";"10.1007/s10637-013-0024-y"
"NCT01317277";"10.1155/2013/585143"
"NCT01171586";"10.2196/resprot.2789"
"NCT01286259";"10.1093/cid/cit813"
"NCT01324973";"10.1176/appi.ps.650101"
"NCT01507558";"10.1016/j.jvs.2013.10.051"
"NCT00074152";"10.1016/s1470-2045(13)70589-8"
"NCT01012713";"10.3109/09546634.2013.860210"
"NCT01270217";"10.1097/ta.0000000000000144"
"NCT01614067";"10.1016/j.fertnstert.2014.01.050"
"NCT01876602";"10.1123/jpah.2013-0442"
"NCT01061671";"10.1056/nejmoa1403086"
"NCT01248065";"10.1001/jama.2014.5052"
"NCT02410629";"10.1186/1743-0003-11-76"
"NCT01280838";"10.1186/1471-2458-14-475"
"NCT01479634";"10.1097/qad.0000000000000401"
"NCT01158508";"10.1227/neu.0000000000000514"
"NCT00948896";"10.1371/journal.pmed.1001689"
"NCT01773447";"10.1016/j.jaad.2014.07.018"
"NCT01769326";"10.1177/1545968314550368"
"NCT00842764";"10.1001/jamafacial.2014.671"
"NCT02062866";"10.1001/jamadermatol.2014.2313"
"NCT01083628";"10.2196/mhealth.3660"
"NCT01867944";"10.1007/s11606-014-3084-6"
"NCT00883129";"10.1136/annrheumdis-2014-206076"
"NCT01308775";"10.1002/cncr.29088"
"NCT02566278";"10.5665/sleep.4750"
"NCT00488982";"10.1016/j.clgc.2014.12.004"
"NCT01313936";"10.1038/bjc.2015.12"
"NCT01036009";"10.1016/j.bbmt.2014.12.029"
"NCT01396941";"10.1210/jc.2014-3911"
"NCT01390077";"10.1007/8904_2014_403"
"NCT00895310";"10.1038/pcan.2015.2"
"NCT02020863";"10.1093/bja/aev002"
"NCT01019850";"10.1158/1078-0432.ccr-14-3240"
"NCT01062009";"10.1177/0148607115572193"
"NCT01602536";"10.2196/jmir.3772"
"NCT01220336";"10.1370/afm.1768"
"NCT00944281";"10.1371/journal.pone.0122242"
"NCT02008396";"10.1016/j.pnpbp.2015.03.011"
"NCT01280812";"10.2196/mhealth.3928"
"NCT01979497";"10.1001/jamadermatol.2015.0174"
"NCT01657461";"10.1056/nejmoa1415061"
"NCT02078739";"10.1186/s12906-015-0540-8"
"NCT01027884";"10.1016/s0140-6736(15)60025-3"
"NCT01841619";"10.4081/dr.2015.5804"
"NCT01844414";"10.1097/nnr.0000000000000083"
"NCT01466998";"10.1097/aog.0000000000000821"
"NCT01806675";"10.1148/radiol.2015141550"
"NCT01164163";"10.1002/pbc.25575"
"NCT02049944";"10.1016/j.ajog.2015.05.030"
"NCT02031718";"10.1001/jamadermatol.2015.0859"
"NCT01373918";"10.1177/0148607115588334"
"NCT01837147";"10.1016/j.amepre.2015.01.020"
"NCT01672723";"10.1037/emo0000088"
"NCT01294306";"10.1158/1078-0432.ccr-14-3281"
"NCT02485756";"10.1016/j.contraception.2015.07.008"
"NCT01664559";"10.1097/aog.0000000000000912"
"NCT00852358";"10.1016/j.ymgme.2015.07.005"
"NCT01112839";"10.1200/jco.2015.61.1095"
"NCT01359982";"10.1016/s1470-2045(15)00089-3"
"NCT01944904";"10.3389/fphys.2015.00216"
"NCT01238575";"10.1176/appi.ajp.2015.15010055"
"NCT02268682";"10.1186/s12882-015-0143-0"
"NCT01462422";"10.1111/1471-0528.13540"
"NCT01103531";"10.1016/j.drugalcdep.2015.08.029"
"NCT01606657";"10.1016/j.annemergmed.2015.08.007"
"NCT02188875";"10.1089/tmj.2014.0176"
"NCT02233478";"10.1016/j.foodchem.2015.08.099"
"NCT02074579";"10.5056/jnm15120"
"NCT01198418";"10.1007/s10461-015-1215-7"
"NCT01316510";"10.1097/mpg.0000000000001031"
"NCT01272635";"10.1001/jama.2015.13896"
"NCT01715038";"10.3945/ajcn.115.111336"
"NCT01438320";"10.1002/ptr.5518"
"NCT00451204";"10.1016/s1474-4422(15)00322-1"
"NCT01808664";"10.1001/jamainternmed.2015.6840"
"NCT01461707";"10.1007/s10995-015-1895-7"
"NCT02306980";"10.1038/jp.2015.157"
"NCT02070237";"10.1038/jp.2015.130"
"NCT01723384";"10.1097/qai.0000000000000922"
"NCT00661193";"10.1016/j.jtho.2015.11.003"
"NCT02544867";"10.1371/journal.pone.0145427"
"NCT02596750";"10.1001/jamadermatol.2015.5544"
"NCT01534910";"10.3945/jn.114.202424"
"NCT01554241";"10.1111/jgs.13774"
"NCT00871299";"10.1159/000442260"
"NCT01424007";"10.1161/jaha.115.002771"
"NCT01360203";"10.1001/jamainternmed.2015.7712"
"NCT02594969";"10.1111/bjd.14483"
"NCT02682498";"10.1016/j.arth.2016.01.037"
"NCT00655239";"10.1093/schbul/sbw009"
"NCT01743820";"10.1016/s1473-3099(15)00479-x"
"NCT02262962";"10.1542/peds.2015-3013"
"NCT01766713";"10.1177/1756283x15621232"
"NCT01618552";"10.1007/s11606-016-3644-z"
"NCT01229696";"10.1213/ane.0000000000001211"
"NCT02347488";"10.1213/ane.0000000000001222"
"NCT02420561";"10.1037/ccp0000096"
"NCT00814788";"10.1002/cncr.29927"
"NCT01404520";"10.3324/haematol.2015.140152"
"NCT01114282";"10.1111/bjh.13946"
"NCT01772485";"10.1038/tp.2016.45"
"NCT00352599";"10.1002/acn3.288"
"NCT02046200";"10.1111/acer.13064"
"NCT02075658";"10.1016/j.urology.2016.04.022"
"NCT01210664";"10.1016/j.jaut.2016.03.011"
"NCT01728909";"10.1007/s00213-016-4308-8"
"NCT01829516";"10.1097/adm.0000000000000213"
"NCT01154192";"10.1515/jpem-2015-0461"
"NCT01593943";"10.1371/journal.pone.0153190"
"NCT01988194";"10.1016/s2095-4964(16)60252-2"
"NCT02120027";"10.1136/gutjnl-2015-310683"
"NCT01936441";"10.1001/jamainternmed.2016.1795"
"NCT01834287";"10.1186/s12966-016-0385-7"
"NCT01913340";"10.1542/peds.2016-0191"
"NCT01351220";"10.1007/s13142-015-0349-5"
"NCT02641249";"10.1371/journal.pone.0157349"
"NCT01811329";"10.1017/jns.2015.42"
"NCT00970866";"10.1016/j.earlhumdev.2016.05.011"
"NCT01963403";"10.1080/13625187.2016.1210122"
"NCT01643382";"10.1111/ctr.12811"
"NCT00787059";"10.1001/jamacardio.2016.0008"
"NCT02264353";"10.1513/annalsats.201605-384oc"
"NCT01090245";"10.1521/aeap.2016.28.2.117"
"NCT02745405";"10.1002/oby.21575"
"NCT02213510";"10.1111/pace.12926"
"NCT01946282";"10.1038/ajg.2016.286"
"NCT02136498";"10.2196/mhealth.6002"
"NCT01671514";"10.1039/c6fo00611f"
"NCT02095106";"10.1097/bpb.0000000000000372"
"NCT01893346";"10.1128/aac.00862-16"
"NCT02397408";"10.1148/radiol.2016160220"
"NCT02111980";"10.1111/pace.12938"
"NCT01686724";"10.1016/j.jaac.2016.05.023"
"NCT00313729";"10.1093/neuonc/now176"
"NCT01939704";"10.1001/jamapediatrics.2016.2521"
"NCT02109601";"10.2196/resprot.4672"
"NCT02071264";"10.1007/s00038-016-0875-z"
"NCT02290184";"10.2196/resprot.5836"
"NCT01781637";"10.1016/j.jaci.2016.08.010"
"NCT01781806";"10.1097/qai.0000000000001179"
"NCT01289275";"10.1016/j.amepre.2016.06.021"
"NCT01810289";"10.1016/s2352-3018(16)30090-x"
"NCT01686178";"10.1136/tobaccocontrol-2016-053086"
"NCT02701387";"10.1111/clr.12945"
"NCT01080794";"10.1212/wnl.0000000000003279"
"NCT02318732";"10.1136/injuryprev-2016-042194"
"NCT01812837";"10.1111/bjd.15116"
"NCT01879826";"10.1097/j.pain.0000000000000734"
"NCT02062853";"10.1007/s13555-016-0149-y"
"NCT00997035";"10.1001/jamaophthalmol.2016.4096"
"NCT01670175";"10.18632/oncotarget.12904"
"NCT01123161";"10.1161/strokeaha.116.014200"
"NCT00773604";"10.1212/wnl.0000000000003451"
"NCT01382069";"10.1111/andr.12303"
"NCT00947206";"10.1016/j.amepre.2016.10.003"
"NCT02861352";"10.3945/ajcn.116.135327"
"NCT02330627";"10.1002/da.22593"
"NCT01557608";"10.1016/j.jpainsymman.2016.12.342"
"NCT01784419";"10.1002/ppul.23659"
"NCT01983930";"10.1017/s1041610216002155"
"NCT02025998";"10.1038/npp.2017.10"
"NCT02437253";"10.1016/j.ymgmr.2017.01.002"
"NCT01683643";"10.1016/j.jsat.2016.12.011"
"NCT02480257";"10.3389/fpsyt.2016.00208"
"NCT01594918";"10.1016/j.urolonc.2016.11.005"
"NCT02671734";"10.1055/s-0042-121668"
"NCT01967992";"10.2196/jmir.5806"
"NCT02242890";"10.1016/j.pec.2017.02.009"
"NCT01931553";"10.12788/jhm.2694"
"NCT03040466";"10.1089/end.2017.0027"
"NCT01869699";"10.1097/ccm.0000000000002340"
"NCT02662023";"10.1213/ane.0000000000001939"
"NCT02259699";"10.1016/j.cct.2017.03.006"
"NCT00720733";"10.1037/ccp0000188"
"NCT01327274";"10.1016/j.jpedsurg.2017.03.009"
"NCT00794508";"10.1172/jci90367"
"NCT02083744";"10.14740/cr346w"
"NCT01930435";"10.1007/s00520-017-3674-z"
"NCT02105779";"10.1037/prj0000244"
"NCT01874977";"10.1002/acr.23230"
"NCT02136212";"10.1016/j.janxdis.2017.03.007"
"NCT01627366";"10.1200/jco.2016.68.9497"
"NCT02261740";"10.1093/pm/pnw306"
"NCT01716195";"10.1016/s1470-2045(17)30246-2"
"NCT01535508";"10.1089/acm.2016.0297"
"NCT02344316";"10.1001/jamaneurol.2017.0285"
"NCT01261299";"10.1002/ijc.30747"
"NCT03115372";"10.1002/cncr.30568"
"NCT01608295";"10.1055/s-0043-107033"
"NCT01720654";"10.1186/s12916-017-0858-9"
"NCT00955968";"10.1371/journal.pone.0176009"
"NCT02327559";"10.1186/s12884-017-1319-3"
"NCT02028533";"10.3109/16066359.2016.1173682"
"NCT02594644";"10.1001/jamadermatol.2017.0849"
"NCT02611882";"10.2967/jnumed.117.192476"
"NCT01129440";"10.1186/s12903-017-0374-5"
"NCT02377063";"10.1038/s41598-017-02200-6"
"NCT01762553";"10.1037/hea0000503"
"NCT02256592";"10.1080/19490976.2017.1334034"
"NCT01350011";"10.1093/ntr/ntx113"
"NCT02257203";"10.1177/0009922817709796"
"NCT01197443";"10.1001/jamapediatrics.2017.0651"
"NCT02457338";"10.1186/s12887-017-0886-9"
"NCT02323893";"10.1158/0008-5472.can-16-2953"
"NCT01200043";"10.1053/j.gastro.2017.05.043"
"NCT01120639";"10.1016/j.ijrobp.2017.01.242"
"NCT01540318";"10.1001/jama.2017.6322"
"NCT02341027";"10.1016/j.ajog.2017.06.005"
"NCT00958217";"10.1080/08897077.2017.1342736"
"NCT00265850";"10.1001/jama.2017.7105"
"NCT01637402";"10.1016/j.clgc.2017.05.026"
"NCT01693874";"10.4088/jcp.16m10947"
"NCT01751685";"10.1007/s00198-017-4109-x"
"NCT02508259";"10.1002/acn3.424"
"NCT01079247";"10.1097/sla.0000000000002408"
"NCT02603926";"10.1007/s13311-017-0555-6"
"NCT02023918";"10.12688/f1000research.11359.1"
"NCT00221338";"10.1097/aln.0000000000001804"
"NCT01676714";"10.1016/j.ctarc.2016.12.002"
"NCT01687634";"10.1007/s10995-017-2342-8"
"NCT00823459";"10.1002/cncr.30909"
"NCT01925248";"10.1136/bmjdrc-2017-000420"
"NCT01693250";"10.2196/ijmr.7860"
"NCT02620488";"10.2147/jpr.s131859"
"NCT02086123";"10.1016/j.jamcollsurg.2017.07.1063"
"NCT02898844";"10.1177/1359105317709514"
"NCT01819987";"10.1177/1043659617719139"
"NCT03113526";"10.1001/jamaoto.2017.1414"
"NCT01942811";"10.1016/j.drugalcdep.2017.04.022"
"NCT02084316";"10.1016/s2352-3018(17)30131-5"
"NCT02694731";"10.1007/s10865-017-9884-5"
"NCT01941927";"10.1111/pcmr.12644"
"NCT01624948";"10.1016/j.transproceed.2017.06.030"
"NCT01535235";"10.20411/pai.v2i3.207"
"NCT01281475";"10.1002/ajmg.a.38457"
"NCT01327651";"10.1016/s2352-3018(17)30156-x"
"NCT02040298";"10.1016/s0140-6736(17)32346-2"
"NCT01728961";"10.1371/journal.pone.0186589"
"NCT02819050";"10.1038/jp.2017.161"
"NCT02605304";"10.1111/liv.13616"
"NCT02258425";"10.1097/nnr.0000000000000249"
"NCT01835665";"10.1016/j.trci.2017.08.002"
"NCT01911039";"10.1016/j.bbmt.2017.10.039"
"NCT01409642";"10.1016/j.jaac.2017.10.008"
"NCT01116921";"10.1016/j.jpeds.2017.09.068"
"NCT02494024";"10.14283/jpad.2017.36"
"NCT00355056";"10.1016/j.jacc.2017.09.1105"
"NCT02124252";"10.1002/ijgo.12415"
"NCT01766674";"10.1186/s12891-017-1862-0"
"NCT02501889";"10.1186/s12937-017-0304-z"
"NCT01828593";"10.1080/15284336.2017.1401256"
"NCT01383161";"10.1016/j.jagp.2017.10.010"
"NCT01062568";"10.1210/js.2017-00013"
"NCT02026011";"10.1111/acer.13586"
"NCT02282293";"10.1093/infdis/jix660"
"NCT01576055";"10.1177/1526602817749242"
"NCT02424097";"10.1007/s00784-017-2314-9"
"NCT02535767";"10.1093/infdis/jiy014"
"NCT02106702";"10.2105/ajph.2017.304250"
"NCT01176396";"10.1177/0022034517737022"
"NCT01704105";"10.1016/s2214-109x(18)30005-6"
"NCT02831023";"10.1016/s1473-3099(18)30044-6"
"NCT02662244";"10.1002/lsm.22803"
"NCT02812914";"10.1186/s12889-018-5138-x"
"NCT01444183";"10.1212/wnl.0000000000005109"
"NCT02623855";"10.1371/journal.pone.0192921"
"NCT01917994";"10.1093/cid/ciy156"
"NCT00895258";"10.1080/13854046.2018.1436725"
"NCT02433691";"10.3233/jad-170846"
"NCT03303456";"10.2196/mental.8551"
"NCT02215161";"10.1634/theoncologist.2017-0624"
"NCT02593253";"10.1136/bmjqs-2017-007393"
"NCT01811355";"10.1002/mus.26117"
"NCT01008566";"10.1007/s00280-018-3553-4"
"NCT01406626";"10.1001/jamainternmed.2018.0150"
"NCT02642666";"10.1097/dbp.0000000000000552"
"NCT00033631";"10.1001/jamaoncol.2018.0039"
"NCT02313181";"10.1016/j.jpeds.2017.12.073"
"NCT02516202";"10.1001/jamainternmed.2018.0116"
"NCT00766116";"10.1016/j.clml.2018.02.017"
"NCT00860145";"10.1111/epi.14045"
"NCT01155011";"10.1186/s12966-018-0658-4"
"NCT02488915";"10.1161/strokeaha.117.020125"
"NCT01674231";"10.1016/j.abb.2018.04.003"
"NCT01906424";"10.1089/neu.2017.5461"
"NCT01630434";"10.1016/s2213-2600(18)30136-x"
"NCT03043885";"10.1002/jper.17-0466"
"NCT02384200";"10.1016/j.juro.2018.04.062"
"NCT02303626";"10.1111/all.13466"
"NCT00998010";"10.1016/j.ijrobp.2018.01.001"
"NCT01957748";"10.1007/s10461-018-2132-3"
"NCT02539797";"10.1371/journal.pone.0197023"
"NCT03457545";"10.1111/ctr.13274"
"NCT01470794";"10.1093/neuonc/noy075"
"NCT02654743";"10.1186/s13229-018-0218-4"
"NCT01307683";"10.1186/s12884-018-1757-6"
"NCT01365819";"10.1016/j.drugalcdep.2018.04.023"
"NCT01964820";"10.2196/10494"
"NCT02012491";"10.1056/nejmoa1715726"
"NCT02879994";"10.1016/j.jtho.2018.03.035"
"NCT01051037";"10.1016/j.ijrobp.2018.03.011"
"NCT01365793";"10.1056/nejmoa1716816"
"NCT02902913";"10.1016/j.jff.2017.06.046"
"NCT02233582";"10.1089/ham.2017.0144"
"NCT01528020";"10.1001/jamapsychiatry.2018.1109"
"NCT03194620";"10.1038/s41598-018-28333-w"
"NCT01720641";"10.2196/jmir.9821"
"NCT01542918";"10.1182/bloodadvances.2017014845"
"NCT02277327";"10.1542/peds.2017-4278"
"NCT02569060";"10.2105/ajph.2018.304528"
"NCT02423720";"10.1371/journal.pone.0199423"
"NCT01771705";"10.1097/txd.0000000000000810"
"NCT02040805";"10.1192/bjo.2018.30"
"NCT02219308";"10.1097/aog.0000000000002790"
"NCT01982968";"10.1016/s2213-2600(18)30301-1"
"NCT02234284";"10.1513/annalsats.201806-365oc"
"NCT02690948";"10.1016/j.jaad.2018.08.017"
"NCT01975090";"10.1016/j.jvir.2018.05.009"
"NCT02116621";"10.1001/jamainternmed.2018.3981"
"NCT01465607";"10.1371/journal.pone.0201954"
"NCT01949116";"10.1093/cid/ciy781"
"NCT02371525";"10.1093/cid/ciy810"
"NCT01627392";"10.1002/cpt.1238"
"NCT01429454";"10.1016/j.schres.2018.09.022"
"NCT02428309";"10.1002/art.40737"
"NCT02482233";"10.7717/peerj.5609"
"NCT02035202";"10.1093/schbul/sby135"
"NCT02278939";"10.1016/j.conctc.2018.09.004"
"NCT01787331";"10.1016/j.clgc.2018.09.013"
"NCT02670343";"10.1111/andr.12554"
"NCT02077998";"10.1021/acs.chemrestox.8b00170"
"NCT02072941";"10.1001/jamainternmed.2018.4657"
"NCT01990235";"10.1001/jamainternmed.2018.4657"
"NCT01867177";"10.1089/apc.2018.0128"
"NCT02178800";"10.1371/journal.pmed.1002690"
"NCT01869179";"10.1093/geronb/gby132"
"NCT03064724";"10.3122/jabfm.2018.06.180018"
"NCT02125773";"10.1097/qai.0000000000001888"
"NCT02217436";"10.1097/pec.0000000000001626"
"NCT01502306";"10.1016/j.amepre.2018.07.015"
"NCT02097641";"10.1016/s2213-2600(18)30418-1"
"NCT02008773";"10.1016/j.schres.2018.11.002"
"NCT01270230";"10.1007/s11121-018-0965-7"
"NCT02230566";"10.1007/s40262-018-0726-6"
"NCT03065504";"10.1016/j.joim.2018.11.004"
"NCT02752646";"10.1016/j.jcrs.2018.08.039"
"NCT02529176";"10.1001/jamainternmed.2018.5859"
"NCT02994602";"10.1111/andr.12577"
"NCT00598169";"10.1182/bloodadvances.2018022095"
"NCT02428647";"10.1016/j.jpeds.2018.11.022"
"NCT02342678";"10.1016/j.ajog.2018.10.031"
"NCT01808352";"10.1093/cid/ciy1141"
"NCT02086110";"10.1371/journal.pone.0210064"
"NCT02470936";"10.1016/j.eururo.2018.12.040"
"NCT02447159";"10.1186/s12884-019-2172-3"
"NCT01209325";"10.1016/j.pvr.2019.01.002"
"NCT02513121";"10.1001/jama.2018.20579"
"NCT03513965";"10.1016/j.jaip.2019.01.022"
"NCT02207036";"10.2196/11138"
"NCT02221167";"10.1177/0009922819826105"
"NCT01997008";"10.1007/s10461-019-02412-z"
"NCT02976220";"10.2196/12528"
"NCT01982643";"10.1097/adm.0000000000000509"
"NCT02048826";"10.1212/wnl.0000000000007041"
"NCT02078713";"10.1016/j.ajog.2019.02.015"
"NCT02396576";"10.1542/peds.2018-2738"
"NCT01979874";"10.1016/j.jss.2019.01.038"
"NCT03303027";"10.1016/j.jaad.2019.02.037"
"NCT02970162";"10.1097/cnd.0000000000000239"
"NCT01882998";"10.1371/journal.pone.0212119"
"NCT03327831";"10.1097/dss.0000000000001771"
"NCT02181062";"10.1161/jaha.118.011088"
"NCT01468753";"10.1371/journal.pone.0212656"
"NCT03354000";"10.3122/jabfm.2019.02.180263"
"NCT02966054";"10.1186/s12885-019-5427-5"
"NCT02094664";"10.1002/ppul.24267"
"NCT03048786";"10.1093/ntr/ntz047"
"NCT03253874";"10.1001/jamainternmed.2018.8358"
"NCT02715115";"10.1212/wnl.0000000000007316"
"NCT02145247";"10.1210/js.2018-00339"
"NCT01792648";"10.1186/s12944-019-1025-4"
"NCT02183909";"10.1097/qai.0000000000002051"
"NCT02090075";"10.1016/j.ahj.2019.02.014"
"NCT01825681";"10.1037/hea0000680"
"NCT02202031";"10.1097/ju.0000000000000328"
"NCT01116661";"10.3171/2019.1.jns182614"
"NCT03191929";"10.1097/mlr.0000000000001036"
"NCT01900613";"10.1186/s12889-019-6897-8"
"NCT02566356";"10.1038/s41386-019-0417-5"
"NCT02104466";"10.1093/pm/pnz117"
"NCT02393456";"10.1016/j.psyneuen.2019.04.019"
"NCT01463046";"10.1158/1078-0432.ccr-19-0171"
"NCT01427855";"10.1093/ajcn/nqz035"
"NCT01009918";"10.1016/j.jacc.2019.03.495"
"NCT02445638";"10.1093/ajcn/nqz088"
"NCT01900301";"10.1016/j.biopsych.2019.04.012"
"NCT01671501";"10.1007/s11606-019-05065-9"
"NCT02910037";"10.1056/nejmoa1803396"
"NCT03676803";"10.3390/nu11061425"
"NCT01958320";"10.1016/j.jpeds.2019.05.049"
"NCT03681171";"10.3389/fpubh.2019.00137"
"NCT03713840";"10.1017/s1368980019001629"
"NCT02147301";"10.2147/jhc.s206979"
"NCT02953158";"10.1093/cdn/nzz068"
"NCT01963780";"10.1016/s2213-2600(19)30200-0"
"NCT00499616";"10.1200/jco.19.00919"
"NCT01625819";"10.1097/hcr.0000000000000430"
"NCT02547077";"10.1097/dss.0000000000002076"
"NCT02143024";"10.1002/gps.5196"
"NCT02129153";"10.2105/ajph.2019.305240"
"NCT01694121";"10.1177/1557988319869493"
"NCT02467036";"10.1089/chi.2018.0331"
"NCT02383186";"10.1016/j.jaad.2019.08.040"
"NCT01977677";"10.1158/1078-0432.ccr-19-1421"
"NCT02034071";"10.1371/journal.pone.0221615"
"NCT01364727";"10.1016/j.lungcan.2019.09.015"
"NCT02251236";"10.1093/cid/ciz926"
"NCT01890265";"10.1016/s2213-2600(19)30262-0"
"NCT03828604";"10.1016/j.bbi.2019.09.023"
"NCT01960257";"10.1371/journal.pmed.1002891"
"NCT02258776";"10.1038/s41598-019-50926-2"
"NCT02126007";"10.1002/nur.21987"
"NCT02451345";"10.1002/cam4.2685"
"NCT03303014";"10.1007/s00403-019-02009-5"
"NCT02472379";"10.1016/j.bbi.2019.11.014"
"NCT02444793";"10.1186/s40425-019-0815-6"
"NCT02120781";"10.1002/lary.28453"
"NCT01860807";"10.1007/s11481-019-09883-w"
"NCT01888835";"10.1001/jamapsychiatry.2019.3655"
"NCT01238172";"10.1001/jama.2019.20207"
"NCT01483391";"10.1001/jamapsychiatry.2019.4520"
"NCT04155229";"10.1001/jamainternmed.2019.6544"
"NCT01495780";"10.2147/copd.s207626"
"NCT02640079";"10.1093/pm/pnz378"
"NCT02321930";"10.1186/s41927-019-0107-2"
"NCT03861624";"10.2106/jbjs.19.00563"
"NCT02279043";"10.1016/j.contraception.2020.01.014"
"NCT02094768";"10.3390/nu12020405"
"NCT01213082";"10.1038/s41433-020-0807-2"
"NCT02672176";"10.2196/16665"
"NCT02603471";"10.1371/journal.pone.0229557"
"NCT02446821";"10.1097/aog.0000000000003756"
"NCT01537133";"10.1016/j.jaci.2020.03.028"
"NCT02610400";"10.1016/s0140-6736(20)30470-0"
"NCT01904890";"10.5888/pcd17.190353"
"NCT02460731";"10.1002/mdc3.12940"
"NCT01720667";"10.1542/peds.2019-3182"
"NCT01883791";"10.1111/add.15114"
"NCT02244801";"10.1016/s0140-6736(20)30167-7"
"NCT02512419";"10.1016/j.amepre.2020.03.007"
"NCT02238951";"10.2196/16527"
"NCT02687633";"10.1097/iyc.0000000000000160"
"NCT01235767";"10.1371/journal.pone.0232197"
"NCT01772680";"10.1111/bjh.16771"
"NCT03302988";"10.1016/j.jaad.2020.06.013"
"NCT02464111";"10.1093/ajcn/nqaa147"
"NCT02582515";"10.1038/s41386-020-0762-4"
"NCT01894958";"10.1016/j.pediatrneurol.2020.04.019"
"NCT01771731";"10.1001/jamanetworkopen.2020.10874"
"NCT01750268";"10.1016/j.drugalcdep.2020.108149"
"NCT03862443";"10.1371/journal.pone.0236692"
"NCT02465983";"10.1016/j.ymthe.2020.07.017"
"NCT01802216";"10.1016/j.xkme.2019.09.005"
"NCT02010697";"10.1177/1179173x20943565"
"NCT03184337";"10.1177/0145721720943128"
"NCT01638559";"10.1002/hep.31520"
"NCT02550561";"10.1007/s00192-020-04481-4"
"NCT01717859";"10.1007/s10067-020-05340-9"
"NCT02241226";"10.3389/fcvm.2020.00120"
"NCT01983384";"10.1213/ane.0000000000004713"
"NCT03550144";"10.1037/emo0000876"
"NCT03982459";"10.1001/jamanetworkopen.2020.9750"
"NCT02408965";"10.1016/j.contraception.2020.10.009"
"NCT02290938";"10.1177/1740774520971774"
"NCT02181114";"10.1111/ajt.16262"
"NCT01555541";"10.1016/j.clml.2020.11.005"
"NCT02026544";"10.1159/000509819"
"NCT02360449";"10.1007/s10803-020-04787-8"
"NCT04522635";"10.1186/s13054-020-03441-0"
"NCT01423266";"10.1002/ehf2.13213"
"NCT02491190";"10.1136/bmjhci-2019-100076"
"NCT02373657";"10.4269/ajtmh.20-0390"
"NCT01877330";"10.1371/journal.pone.0246792"
"NCT02224976";"10.1139/apnm-2020-0880"
"NCT02804490";"10.1093/ajcn/nqaa429"
"NCT01922206";"10.1037/ccp0000622"
"NCT02585336";"10.1093/abm/kaaa123"
"NCT02535455";"10.1016/j.cbpra.2019.03.001"
"NCT02205307";"10.1097/dcr.0000000000002007"
"NCT02106767";"10.1002/cpt.2268"
"NCT01383174";"10.1089/heq.2020.0152"
"NCT02021812";"10.1016/j.jvs.2021.04.025"
"NCT04598100";"10.1007/s10578-021-01181-y"
"NCT02084979";"10.2196/24047"
"NCT01923337";"10.1007/s00280-021-04293-3"
"NCT02256865";"10.1210/clinem/dgab375"
"NCT03158012";"10.1001/jamadermatol.2021.1311"
"NCT02254902";"10.1093/tbm/ibab064"
"NCT02315690";"10.1136/bmjgh-2021-005021"
"NCT01781975";"10.1016/s2213-8587(21)00139-x"
"NCT01592682";"10.3390/ijerph18147682"
"NCT02264977";"10.1016/j.xjtc.2021.01.011"
"NCT01601626";"10.1093/cid/ciab097"
"NCT04710095";"10.1186/s13722-021-00262-6"
"NCT02417233";"10.1002/jia2.25774"
"NCT02122068";"10.1016/j.jadr.2021.100155"
"NCT02289859";"10.1007/s00403-021-02280-5"
"NCT02330744";"10.1093/scan/nsab107"
"NCT01882985";"10.1016/j.biopha.2021.112226"
"NCT00928226";"10.1097/coc.0000000000000868"
"NCT01687673";"10.1159/000518297"
"NCT01884233";"10.1016/j.drugalcdep.2021.109229"
"NCT02139722";"10.1007/s11606-021-07232-3"
"NCT01937936";"10.1186/s12877-022-02996-7"
"NCT03526081";"10.1016/j.freeradbiomed.2022.04.007"
"NCT02577575";"10.1016/j.cpnec.2020.100011"
"NCT00905060";"10.1158/1078-0432.ccr-16-1369"
"NCT02394054";"10.1017/s0033291721004104"
"NCT02141828";"10.1182/blood.v128.22.2780.2780"
"NCT01564381";"10.1016/j.phanu.2016.05.002"
"NCT01474746";"10.1097/dbp.0000000000000334"
"NCT01245595";"10.1097/pcc.0000000000000612"
"NCT01216319";"10.1097/gox.0000000000000846"
"NCT01663012";"10.1007/s11060-015-1795-0"
"NCT01846741";"10.1111/ner.12376"
"NCT01270620";"10.1016/j.jclinane.2017.03.015"
"NCT01932060";"10.1213/ane.0000000000001658"
"NCT00572117";"10.1111/ajad.12346"
"NCT01442714";"10.3109/10428194.2015.1091930"
"NCT00505362";"10.1055/s-0037-1604074"
"NCT02445196";"10.1037/tra0000092"
"NCT01055028";"10.1177/2036361318771771"
"NCT00981435";"10.1016/j.ophtha.2019.05.032"
"NCT02206776";"10.4088/jcp.16cr11234"
"NCT01719861";"10.1016/j.ctarc.2020.100174"
"NCT01108055";"10.1016/j.clgc.2016.03.011"
"NCT01862991";"10.1111/1471-0528.14900"
"NCT00747435";"10.1097/mao.0000000000001691"
"NCT01898403";"10.1002/jso.23745"
"NCT02006108";"10.1007/s11307-017-1084-8"
"NCT02597543";"10.1016/j.healun.2017.01.1450"
"NCT02480166";"10.1038/ajg.2017.399"
"NCT01552213";"10.1055/s-0035-1563715"
"NCT02268994";"10.1681/asn.2016101053"
"NCT01050647";"10.1055/s-0037-1617428"
"NCT01965002";"10.1007/s11999-015-4364-0"
"NCT02844543";"10.1016/j.jsams.2019.07.015"
"NCT02855086";"10.1007/s11060-018-2854-0"
"NCT02108821";"10.1093/ibd/izx035"
"NCT02324075";"10.1111/tmi.12902"
"NCT01011218";"10.1093/sleep/zsaa070"
"NCT02475837";"10.1177/1129729819887269"
"NCT02736578";"10.1245/s10434-018-6453-2"
"NCT02757547";"10.1016/j.ebcr.2018.03.004"
"NCT02429778";"10.1016/j.jagp.2018.12.018"
"NCT01962870";"10.1126/scitranslmed.aau7356"
"NCT02085980";"10.1097/gme.0000000000000700"
"NCT01856777";"10.1016/j.contraception.2016.04.001"
"NCT01729273";"10.1016/j.jpeds.2015.06.015"
"NCT01034514";"10.1016/j.ijrobp.2014.06.006"
"NCT01832064";"10.1177/1524839915571633"
"NCT01815814";"10.3389/fped.2015.00074"
"NCT00352326";"10.1109/tnsre.2007.903969"
"NCT02147860";"10.2337/dc16-0817"
"NCT00185796";"10.1016/j.bbmt.2014.02.023"
"NCT01094587";"10.1016/j.jamcollsurg.2017.02.014"
"NCT00946673";"10.1016/j.ijrobp.2017.04.041"
"NCT01123005";"10.1016/j.ijrobp.2018.03.045"
"NCT01579682";"10.1016/j.brat.2015.07.015"
"NCT01721668";"10.1111/nyas.13706"
"NCT01806701";"10.1002/jts.22678"
"NCT01885728";"10.4049/jimmunol.1700421"
"NCT02104700";"10.1093/ofid/ofw141"
"NCT02536950";"10.1177/1932296819872225"
"NCT02613676";"10.7196/samj.2020.v110i3.14186"
"NCT02054364";"10.1002/erv.2571"
"NCT02400177";"10.1002/aur.2108"
"NCT02205671";"10.1177/0733464817741682"
"NCT02897557";"10.1089/dia.2017.0346"
"NCT01893892";"10.1111/jdv.14844"
"NCT03064906";"10.1089/dia.2019.0017"
"NCT01987375";"10.1158/1078-0432.ccr-14-3284"
"NCT02714972";"10.1111/pedi.12603"
"NCT04757935";"10.1016/j.ctim.2018.09.007"
"NCT03421158";"10.1097/jpn.0000000000000495"
"NCT02735356";"10.1001/jamadermatol.2019.1541"
"NCT02805075";"10.1016/j.jtct.2021.07.009"
"NCT02254356";"10.1007/s00270-018-2110-1"
"NCT01155141";"10.2215/cjn.02840313"
"NCT01823341";"10.2337/dc14-3053"
"NCT02366767";"10.2337/dc14-3073"
"NCT01330043";"10.1111/add.13806"
"NCT00850135";"10.1055/s-0034-1390344"
"NCT02178995";"10.1212/wnl.0000000000003564"
"NCT01078363";"10.1161/circulationaha.116.025268"
"NCT01647945";"10.1183/13993003.02449-2016"
"NCT01977690";"10.3171/2015.2.spine141118"
"NCT01945112";"10.1097/jsm.0000000000000319"
"NCT00767624";"10.4088/jcp.15m10244"
"NCT00186069";"10.1055/s-0036-1571324"
"NCT01559857";"10.1038/tp.2015.187"
"NCT02199028";"10.2337/dc16-0796"
"NCT01549652";"10.1016/j.drugalcdep.2017.06.043"
"NCT02192684";"10.1016/j.sleep.2016.06.005"
"NCT00956085";"10.4088/jcp.15l10318"
"NCT02037438";"10.5665/sleep.4422"
"NCT01396070";"10.1200/jco.2014.60.3969"
"NCT01355705";"10.1007/s12185-018-2468-5"
"NCT01449279";"10.1016/j.ijrobp.2016.07.005"
"NCT02488070";"10.2967/jnumed.115.168393"
"NCT02272725";"10.1136/emermed-2016-206353"
"NCT01631331";"10.1016/j.jaad.2014.05.020"
"NCT02440308";"10.2967/jnumed.115.168393"
"NCT02267629";"10.1176/appi.ajp.2016.16080868"
"NCT01827462";"10.1016/j.clim.2018.01.011"
"NCT02533726";"10.1186/s13063-016-1313-5"
"NCT02643862";"10.1016/s2468-1253(17)30392-8"
"NCT01619982";"10.1213/ane.0000000000003876"
"NCT02312882";"10.1172/jci.insight.89776"
"NCT02626611";"10.1016/j.eclinm.2018.12.006"
"NCT01624194";"10.1073/pnas.1705521114"
"NCT02604173";"10.1016/j.amjmed.2017.05.034"
"NCT02933476";"10.1002/mds.25923"
"NCT02310789";"10.1038/s41598-018-34308-8"
"NCT01990313";"10.1016/j.nbd.2016.08.003"
"NCT02280863";"10.1111/pedi.12399"
"NCT02852434";"10.1016/j.contraception.2018.11.013"
"NCT02605187";"10.1136/rapm-2018-100206"
"NCT01067144";"10.1001/jamasurg.2017.4915"
"NCT02257970";"10.1172/jci.insight.123775"
"NCT01802073";"10.1007/s10875-012-9801-1"
"NCT02738203";"10.1016/j.ajog.2018.11.1085"
"NCT02586415";"10.1056/nejmoa1713973"
"NCT01807598";"10.1182/bloodadvances.2019000152"
"NCT02303041";"10.1016/j.jaad.2017.11.031"
"NCT01392989";"10.1016/j.bbmt.2019.03.027"
"NCT03076190";"10.1093/pm/pnz094"
"NCT02047643";"10.1177/1932296814551045"
"NCT00490529";"10.1084/jem.20191712"
"NCT02266576";"10.1186/s12889-020-8250-7"
"NCT02367430";"10.1176/appi.ps.201900447"
"NCT03049280";"10.1001/jamaoto.2019.2654"
"NCT01400269";"10.1177/1362361318775538"
"NCT01919502";"10.1186/s12905-017-0422-y"
"NCT01899378";"10.1186/s12906-016-1016-1"
"NCT03868644";"10.1371/journal.pone.0219535"
"NCT00879151";"10.1016/j.jaac.2015.08.008"
"NCT01040897";"10.1542/peds.2020-049866"
"NCT01516411";"10.1371/journal.pone.0156370"
"NCT01287936";"10.3171/2018.5.jns173147"
"NCT02036658";"10.1037/ccp0000092"
"NCT01507948";"10.1176/appi.ajp.2017.16091072"
"NCT02827630";"10.2196/jmir.7833"
"NCT02438189";"10.2337/dc16-1794"
"NCT01826591";"10.1001/jama.2018.0245"
"NCT02155400";"10.1186/s12871-017-0395-2"
"NCT02458898";"10.1016/j.jpeds.2017.02.062"
"NCT01523223";"10.1182/bloodadvances.2017012104"
"NCT01642836";"10.1016/s2213-8587(21)00084-x"
"NCT02606981";"10.1016/s2214-109x(19)30315-8"
"NCT02302963";"10.1089/dia.2019.0018"
"NCT02171962";"10.1007/s00270-020-02648-6"
"NCT02753101";"10.2967/jnumed.117.192641"
"NCT03037658";"10.1037/pag0000428"
"NCT02553824";"10.1016/j.cct.2017.10.007"
"NCT03275662";"10.1016/j.cell.2021.06.019"
"NCT01591148";"10.1213/ane.0000000000004897"
"NCT02442960";"10.1136/bmjgast-2021-000813"
"NCT02037022";"10.1177/1362361318775538"
"NCT01406808";"10.3389/fcvm.2017.00053"
"NCT02304848";"10.1371/journal.pone.0231984"
"NCT02079142";"10.1001/jamapsychiatry.2019.3483"
"NCT00780494";"10.1200/jco.2014.32.3_suppl.115"
"NCT01192776";"10.1001/jama.2014.16058"
"NCT00614744";"10.1001/jama.2017.14972"
"NCT02160002";"10.1016/j.jpeds.2018.08.079"
"NCT01954082";"10.1038/s41390-021-01778-y"
"NCT01471028";"10.1002/lt.24986"
"NCT00279630";"10.2522/ptj.20070242"
"NCT00023595";"10.1056/nejmoa0900559"
"NCT01614652";"10.1016/j.ahj.2012.12.022"
"NCT01454947";"10.1186/1471-2334-13-290"
"NCT00669656";"10.1038/pcan.2014.37"
"NCT00442286";"10.1161/hypertensionaha.114.04492"
"NCT00730314";"10.1002/ajh.24141"
"NCT02265120";"10.1089/jwh.2015.5326"
"NCT00140413";"10.1186/s13633-016-0023-9"
"NCT01291277";"10.1002/hep.28597"
"NCT02197338";"10.1038/ajg.2016.268"
"NCT01761539";"10.1038/ajg.2017.40"
"NCT02057991";"10.1002/cncr.30698"
"NCT01999816";"10.1080/10790268.2017.1313931"
"NCT00104923";"10.1158/1078-0432.ccr-17-0234"
"NCT02698735";"10.1172/jci92707"
"NCT02504827";"10.1128/aac.00988-17"
"NCT00574769";"10.1016/j.clgc.2017.07.003"
"NCT01595581";"10.1177/2325967117722794"
"NCT01759979";"10.1016/j.gie.2017.08.021"
"NCT01764698";"10.1037/ccp0000276"
"NCT02091921";"10.1016/j.carrev.2017.08.016"
"NCT02214641";"10.2337/dc17-1634"
"NCT01140282";"10.1200/jco.2017.75.7526"
"NCT02017158";"10.1089/g4h.2017.0102"
"NCT03115385";"10.1111/ijpo.12273"
"NCT00871715";"10.1177/1545968318760726"
"NCT01909440";"10.1186/s12885-018-4306-9"
"NCT03483896";"10.2147/cia.s165224"
"NCT02790476";"10.1126/science.aat4595"
"NCT02850770";"10.2196/diabetes.7063"
"NCT02513771";"10.1093/cid/ciy1051"
"NCT02358135";"10.1001/jamanetworkopen.2018.3062"
"NCT03040154";"10.1542/peds.2018-0553"
"NCT01723917";"10.1097/gme.0000000000001325"
"NCT01749358";"10.1161/strokeaha.118.023603"
"NCT02358915";"10.1186/s12984-019-0540-x"
"NCT02971241";"10.1177/0145721720907301"
"NCT02158949";"10.2196/17557"
"NCT02502019";"10.1177/1076029620936340"
"NCT02576288";"10.1371/journal.pone.0237496"
"NCT02459847";"10.1177/1758998320930752"
"NCT02344745";"10.1097/spv.0000000000001032"
"NCT04176237";"10.1016/j.ypmed.2021.106601"
"NCT03645083";"10.1089/acu.2020.1471"
"NCT01240629";"10.1016/j.clgc.2017.06.002"
"NCT02494661";"10.2105/ajph.2017.303725"
"NCT02009046";"10.1016/j.jadohealth.2015.07.004"
"NCT01153919";"10.1182/blood.v122.21.3555.3555"
"NCT01801046";"10.1182/blood.v124.21.5944.5944"
"NCT01823458";"10.1177/237946152100700104"
"NCT01970007";"10.1016/j.jvir.2021.03.097"
"NCT01709773";"10.1016/j.ygyno.2017.07.055"
"NCT01098422";"10.1200/jco.2012.30.15_suppl.e14079"
"NCT00734682";"10.1200/jco.2015.33.15_suppl.2029"
"NCT01466972";"10.1200/jco.2015.33.15_suppl.529"
"NCT01478178";"10.1200/jco.2016.34.15_suppl.2063"
"NCT02093962";"10.1200/jco.2016.34.15_suppl.9075"
"NCT02508441";"10.1200/jco.2018.36.15_suppl.2557"
"NCT02918357";"10.1200/jco.2018.36.6_suppl.236"
"NCT01823978";"10.1200/jco.2014.32.15_suppl.tps3132"
"NCT01841463";"10.1200/jco.2015.33.15_suppl.9076"
"NCT01924260";"10.1200/jco.2020.38.15_suppl.3589"
"NCT01292252";"10.1016/j.spinee.2019.05.184"
"NCT02589067";"10.1093/ofid/ofy210.1973"
"NCT02067156";"10.1093/neuonc/nov206.18"
"NCT01562132";"10.1111/myc.12196"
"NCT01505179";"10.1016/j.cardfail.2015.06.309"
"NCT02653456";"10.1016/j.jacc.2018.08.1381"
"NCT01695473";"10.1200/jco.2016.34.15_suppl.e14110"
"NCT02199171";"10.1200/jco.2018.36.15_suppl.5554"
"NCT02026037";"10.1093/jbcr/iraa024.030"
"NCT01302405";"10.1200/jco.2013.31.15_suppl.2501"
"NCT00183820";"10.1016/s0923-7534(20)33425-6"
